dep_lat,dep_lon,arr_lat,arr_lon,flight_nb
25.253,55.364,35.416,51.152,1
35.416,51.152,25.253,55.364,2
25.253,55.364,33.821,35.488,3
33.821,35.488,25.253,55.364,4
25.253,55.364,24.907,67.161,5
24.907,67.161,25.253,55.364,6
25.253,55.364,31.143,121.805,7
31.143,121.805,25.253,55.364,8
25.253,55.364,52.454,-1.748,9
52.454,-1.748,25.253,55.364,10
25.253,55.364,24.907,67.161,11
24.907,67.161,25.253,55.364,12
25.253,55.364,11.137,75.955,13
11.137,75.955,25.253,55.364,14
25.253,55.364,51.471,-0.462,15
51.471,-0.462,25.253,55.364,16
25.253,55.364,-6.878,39.203,17
-6.878,39.203,25.253,55.364,18
25.253,55.364,48.11,16.57,19
48.11,16.57,25.253,55.364,20
25.253,55.364,29.227,47.969,21
29.227,47.969,25.253,55.364,22
25.253,55.364,23.077,72.635,23
23.077,72.635,25.253,55.364,24
25.253,55.364,-29.614,31.12,25
-29.614,31.12,25.253,55.364,26
25.253,55.364,52.454,-1.748,27
52.454,-1.748,25.253,55.364,28
25.253,55.364,10.152,76.402,29
10.152,76.402,25.253,55.364,30
25.253,55.364,40.08,116.585,31
40.08,116.585,25.253,55.364,32
25.253,55.364,36.851,10.227,33
36.851,10.227,25.253,55.364,34
25.253,55.364,24.958,46.699,35
24.958,46.699,25.253,55.364,36
25.253,55.364,55.037,-1.692,37
55.037,-1.692,25.253,55.364,38
25.253,55.364,17.231,78.43,39
17.231,78.43,25.253,55.364,40
25.253,55.364,34.875,33.625,41
34.875,33.625,35.857,14.478,42
35.857,14.478,34.875,33.625,43
34.875,33.625,25.253,55.364,44
25.253,55.364,28.567,77.103,45
28.567,77.103,25.253,55.364,46
25.253,55.364,1.35,103.994,47
1.35,103.994,-27.384,153.117,48
-27.384,153.117,1.35,103.994,49
1.35,103.994,25.253,55.364,50
25.253,55.364,26.471,49.798,51
26.471,49.798,25.253,55.364,52
25.253,55.364,34.427,135.244,53
34.427,135.244,25.253,55.364,54
25.253,55.364,51.148,-0.19,55
51.148,-0.19,25.253,55.364,56
25.253,55.364,34.875,33.625,57
34.875,33.625,35.857,14.478,58
35.857,14.478,34.875,33.625,59
34.875,33.625,25.253,55.364,60
25.253,55.364,35.765,140.386,61
35.765,140.386,25.253,55.364,62
25.253,55.364,45.631,8.728,63
45.631,8.728,25.253,55.364,64
25.253,55.364,48.354,11.786,65
48.354,11.786,25.253,55.364,66
25.253,55.364,35.765,140.386,67
35.765,140.386,25.253,55.364,68
25.253,55.364,7.181,79.884,69
7.181,79.884,25.253,55.364,70
25.253,55.364,26.471,49.798,71
26.471,49.798,25.253,55.364,72
25.253,55.364,-37.673,144.843,73
-37.673,144.843,-37.008,174.792,74
-37.008,174.792,-37.673,144.843,75
-37.673,144.843,25.253,55.364,76
25.253,55.364,29.227,47.969,77
29.227,47.969,25.253,55.364,78
25.253,55.364,28.567,77.103,79
28.567,77.103,25.253,55.364,80
25.253,55.364,52.454,-1.748,81
52.454,-1.748,25.253,55.364,82
25.253,55.364,10.152,76.402,83
10.152,76.402,25.253,55.364,84
25.253,55.364,51.471,-0.462,85
51.471,-0.462,25.253,55.364,86
25.253,55.364,51.148,-0.19,87
51.148,-0.19,25.253,55.364,88
25.253,55.364,35.416,51.152,89
35.416,51.152,25.253,55.364,90
25.253,55.364,51.471,-0.462,91
51.471,-0.462,25.253,55.364,92
25.253,55.364,19.089,72.868,93
19.089,72.868,25.253,55.364,94
25.253,55.364,13.681,100.747,95
13.681,100.747,25.253,55.364,96
25.253,55.364,35.416,51.152,97
35.416,51.152,25.253,55.364,98
25.253,55.364,-26.139,28.246,99
-26.139,28.246,25.253,55.364,100
25.253,55.364,13.681,100.747,101
13.681,100.747,-33.946,151.177,102
-33.946,151.177,-43.489,172.532,103
-43.489,172.532,-33.946,151.177,104
-33.946,151.177,13.681,100.747,105
13.681,100.747,25.253,55.364,106
25.253,55.364,24.907,67.161,107
24.907,67.161,25.253,55.364,108
25.253,55.364,-1.319,36.928,109
-1.319,36.928,25.253,55.364,110
25.253,55.364,-6.126,106.656,111
-6.126,106.656,25.253,55.364,112
25.253,55.364,17.231,78.43,113
17.231,78.43,25.253,55.364,114
25.253,55.364,29.227,47.969,115
29.227,47.969,25.253,55.364,116
25.253,55.364,13.681,100.747,117
13.681,100.747,25.253,55.364,118
25.253,55.364,49.013,2.55,119
49.013,2.55,25.253,55.364,120
25.253,55.364,21.68,39.157,121
21.68,39.157,25.253,55.364,122
25.253,55.364,-26.139,28.246,123
-26.139,28.246,25.253,55.364,124
25.253,55.364,49.013,2.55,125
49.013,2.55,25.253,55.364,126
25.253,55.364,49.013,2.55,127
49.013,2.55,25.253,55.364,128
25.253,55.364,40.08,116.585,129
40.08,116.585,25.253,55.364,130
25.253,55.364,-26.139,28.246,131
-26.139,28.246,25.253,55.364,132
25.253,55.364,53.349,-2.28,133
53.349,-2.28,25.253,55.364,134
25.253,55.364,40.08,116.585,135
40.08,116.585,25.253,55.364,136
25.253,55.364,53.349,-2.28,137
53.349,-2.28,25.253,55.364,138
25.253,55.364,37.469,126.451,139
37.469,126.451,25.253,55.364,140
25.253,55.364,-26.139,28.246,141
-26.139,28.246,25.253,55.364,142
25.253,55.364,48.354,11.786,143
48.354,11.786,25.253,55.364,144
25.253,55.364,31.143,121.805,145
31.143,121.805,25.253,55.364,146
25.253,55.364,51.471,-0.462,147
51.471,-0.462,25.253,55.364,148
25.253,55.364,41.8,12.239,149
41.8,12.239,25.253,55.364,150
25.253,55.364,40.64,-73.779,151
40.64,-73.779,25.253,55.364,152
25.253,55.364,37.469,126.451,153
37.469,126.451,25.253,55.364,154
25.253,55.364,40.08,116.585,155
40.08,116.585,25.253,55.364,156
25.253,55.364,49.013,2.55,157
49.013,2.55,25.253,55.364,158
25.253,55.364,49.013,2.55,159
49.013,2.55,25.253,55.364,160
25.253,55.364,48.354,11.786,161
48.354,11.786,25.253,55.364,162
25.253,55.364,40.64,-73.779,163
40.64,-73.779,25.253,55.364,164
25.253,55.364,51.471,-0.462,165
51.471,-0.462,25.253,55.364,166
25.253,55.364,40.08,116.585,167
40.08,116.585,25.253,55.364,168
25.253,55.364,13.681,100.747,169
13.681,100.747,25.253,55.364,170
25.253,55.364,13.681,100.747,171
13.681,100.747,25.253,55.364,172
25.253,55.364,40.08,116.585,173
40.08,116.585,25.253,55.364,174
25.253,55.364,43.677,-79.631,175
43.677,-79.631,25.253,55.364,176
25.253,55.364,49.013,2.55,177
49.013,2.55,25.253,55.364,178
25.253,55.364,21.68,39.157,179
21.68,39.157,25.253,55.364,180
25.253,55.364,21.68,39.157,181
21.68,39.157,25.253,55.364,182
25.253,55.364,21.68,39.157,183
21.68,39.157,25.253,55.364,184
25.253,55.364,21.68,39.157,185
21.68,39.157,25.253,55.364,186
25.253,55.364,21.68,39.157,187
21.68,39.157,25.253,55.364,188
25.253,55.364,48.354,11.786,189
48.354,11.786,25.253,55.364,190
25.253,55.364,49.013,2.55,191
49.013,2.55,25.253,55.364,192
25.253,55.364,40.08,116.585,193
40.08,116.585,25.253,55.364,194
25.253,55.364,51.471,-0.462,195
51.471,-0.462,25.253,55.364,196
25.253,55.364,12.99,80.169,197
12.99,80.169,25.253,55.364,198
25.253,55.364,4.192,73.529,199
4.192,73.529,25.253,55.364,200
25.253,55.364,41.8,12.239,201
41.8,12.239,25.253,55.364,202
25.253,55.364,23.843,90.398,203
23.843,90.398,25.253,55.364,204
25.253,55.364,40.64,-73.779,205
40.64,-73.779,25.253,55.364,206
25.253,55.364,41.8,12.239,207
41.8,12.239,25.253,55.364,208
25.253,55.364,40.64,-73.779,209
40.64,-73.779,25.253,55.364,210
25.253,55.364,21.68,39.157,211
21.68,39.157,25.253,55.364,212
25.253,55.364,41.8,12.239,213
41.8,12.239,25.253,55.364,214
25.253,55.364,51.471,-0.462,215
51.471,-0.462,25.253,55.364,216
25.253,55.364,37.469,126.451,217
37.469,126.451,25.253,55.364,218
25.253,55.364,2.746,101.71,219
2.746,101.71,25.253,55.364,220
25.253,55.364,31.143,121.805,221
31.143,121.805,25.253,55.364,222
25.253,55.364,2.746,101.71,223
2.746,101.71,25.253,55.364,224
25.253,55.364,41.8,12.239,225
41.8,12.239,25.253,55.364,226
25.253,55.364,-33.946,151.177,227
-33.946,151.177,-37.008,174.792,228
-37.008,174.792,-33.946,151.177,229
-33.946,151.177,25.253,55.364,230
25.253,55.364,-23.436,-46.473,231
-23.436,-46.473,25.253,55.364,232
25.253,55.364,43.677,-79.631,233
43.677,-79.631,25.253,55.364,234
25.253,55.364,31.143,121.805,235
31.143,121.805,25.253,55.364,236
25.253,55.364,-37.673,144.843,237
-37.673,144.843,-37.008,174.792,238
-37.008,174.792,-37.673,144.843,239
-37.673,144.843,25.253,55.364,240
25.253,55.364,2.746,101.71,241
2.746,101.71,25.253,55.364,242
25.253,55.364,53.349,-2.28,243
53.349,-2.28,25.253,55.364,244
25.253,55.364,40.64,-73.779,245
40.64,-73.779,25.253,55.364,246
25.253,55.364,41.8,12.239,247
41.8,12.239,25.253,55.364,248
25.253,55.364,10.152,76.402,249
10.152,76.402,25.253,55.364,250
25.253,55.364,2.746,101.71,251
2.746,101.71,25.253,55.364,252
25.253,55.364,51.471,-0.462,253
51.471,-0.462,25.253,55.364,254
25.253,55.364,21.68,39.157,255
21.68,39.157,25.253,55.364,256
25.253,55.364,35.765,140.386,257
35.765,140.386,25.253,55.364,258
25.253,55.364,2.746,101.71,259
2.746,101.71,25.253,55.364,260
25.253,55.364,35.765,140.386,261
35.765,140.386,25.253,55.364,262
25.253,55.364,43.677,-79.631,263
43.677,-79.631,25.253,55.364,264
25.253,55.364,40.64,-73.779,265
40.64,-73.779,25.253,55.364,266
25.253,55.364,43.677,-79.631,267
43.677,-79.631,25.253,55.364,268
25.253,55.364,40.08,116.585,269
40.08,116.585,25.253,55.364,270
25.253,55.364,49.013,2.55,271
49.013,2.55,25.253,55.364,272
25.253,55.364,52.309,4.764,273
52.309,4.764,25.253,55.364,274
25.253,55.364,33.549,72.826,275
33.549,72.826,25.253,55.364,276
25.253,55.364,37.469,126.451,277
37.469,126.451,25.253,55.364,278
25.253,55.364,51.471,-0.462,279
51.471,-0.462,25.253,55.364,280
25.253,55.364,1.35,103.994,281
1.35,103.994,25.253,55.364,282
25.253,55.364,-37.673,144.843,283
-37.673,144.843,-37.008,174.792,284
-37.008,174.792,-37.673,144.843,285
-37.673,144.843,25.253,55.364,286
25.253,55.364,53.349,-2.28,287
53.349,-2.28,25.253,55.364,288
25.253,55.364,51.471,-0.462,289
51.471,-0.462,25.253,55.364,290
25.253,55.364,51.471,-0.462,291
51.471,-0.462,25.253,55.364,292
25.253,55.364,37.469,126.451,293
37.469,126.451,25.253,55.364,294
25.253,55.364,40.64,-73.779,295
40.64,-73.779,25.253,55.364,296
25.253,55.364,-37.673,144.843,297
-37.673,144.843,-37.008,174.792,298
-37.008,174.792,-37.673,144.843,299
-37.673,144.843,25.253,55.364,300
25.253,55.364,43.677,-79.631,301
43.677,-79.631,25.253,55.364,302
25.253,55.364,41.8,12.239,303
41.8,12.239,25.253,55.364,304
25.253,55.364,40.08,116.585,305
40.08,116.585,25.253,55.364,306
25.253,55.364,2.746,101.71,307
2.746,101.71,25.253,55.364,308
25.253,55.364,21.68,39.157,309
21.68,39.157,25.253,55.364,310
25.253,55.364,40.64,-73.779,311
40.64,-73.779,43.677,-79.631,312
43.677,-79.631,25.253,55.364,313
25.253,55.364,51.471,-0.462,314
51.471,-0.462,25.253,55.364,315
25.253,55.364,49.013,2.55,316
49.013,2.55,25.253,55.364,317
25.253,55.364,21.68,39.157,318
21.68,39.157,25.253,55.364,319
25.253,55.364,37.469,126.451,320
37.469,126.451,25.253,55.364,321
25.253,55.364,51.471,-0.462,322
51.471,-0.462,25.253,55.364,323
25.253,55.364,-33.946,151.177,324
-33.946,151.177,25.253,55.364,325
25.253,55.364,52.309,4.764,326
52.309,4.764,25.253,55.364,327
25.253,55.364,-33.946,151.177,328
-33.946,151.177,-37.008,174.792,329
-37.008,174.792,-33.946,151.177,330
-33.946,151.177,25.253,55.364,331
25.253,55.364,49.013,2.55,332
49.013,2.55,25.253,55.364,333
25.253,55.364,51.471,-0.462,334
51.471,-0.462,25.253,55.364,335
25.253,55.364,21.68,39.157,336
21.68,39.157,25.253,55.364,337
25.253,55.364,40.64,-73.779,338
40.64,-73.779,25.253,55.364,339
25.253,55.364,31.143,121.805,340
31.143,121.805,25.253,55.364,341
25.253,55.364,1.35,103.994,342
1.35,103.994,25.253,55.364,343
25.253,55.364,1.35,103.994,344
1.35,103.994,25.253,55.364,345
25.253,55.364,2.746,101.71,346
2.746,101.71,25.253,55.364,347
25.253,55.364,40.64,-73.779,348
40.64,-73.779,25.253,55.364,349
25.253,55.364,51.471,-0.462,350
51.471,-0.462,25.253,55.364,351
25.253,55.364,37.469,126.451,352
37.469,126.451,25.253,55.364,353
25.253,55.364,41.8,12.239,354
41.8,12.239,25.253,55.364,355
25.253,55.364,51.471,-0.462,356
51.471,-0.462,25.253,55.364,357
25.253,55.364,2.746,101.71,358
2.746,101.71,25.253,55.364,359
25.253,55.364,49.013,2.55,360
49.013,2.55,25.253,55.364,361
25.253,55.364,38.781,-9.136,362
38.781,-9.136,25.253,55.364,363
25.253,55.364,53.349,-2.28,364
53.349,-2.28,25.253,55.364,365
25.253,55.364,40.08,116.585,366
40.08,116.585,25.253,55.364,367
25.253,55.364,-37.673,144.843,368
-37.673,144.843,-37.008,174.792,369
-37.008,174.792,-37.673,144.843,370
-37.673,144.843,25.253,55.364,371
25.253,55.364,51.471,-0.462,372
51.471,-0.462,25.253,55.364,373
25.253,55.364,40.64,-73.779,374
40.64,-73.779,25.253,55.364,375
25.253,55.364,-33.946,151.177,376
-33.946,151.177,-37.008,174.792,377
-37.008,174.792,-33.946,151.177,378
-33.946,151.177,25.253,55.364,379
25.253,55.364,53.349,-2.28,380
53.349,-2.28,25.253,55.364,381
25.253,55.364,43.677,-79.631,382
43.677,-79.631,25.253,55.364,383
25.253,55.364,13.681,100.747,384
13.681,100.747,25.253,55.364,385
25.253,55.364,53.349,-2.28,386
53.349,-2.28,25.253,55.364,387
25.253,55.364,33.943,-118.408,388
33.943,-118.408,25.253,55.364,389
25.253,55.364,49.013,2.55,390
49.013,2.55,25.253,55.364,391
25.253,55.364,49.013,2.55,392
49.013,2.55,25.253,55.364,393
25.253,55.364,53.349,-2.28,394
53.349,-2.28,25.253,55.364,395
25.253,55.364,53.349,-2.28,396
53.349,-2.28,25.253,55.364,397
25.253,55.364,48.354,11.786,398
48.354,11.786,25.253,55.364,399
25.253,55.364,47.458,8.548,400
47.458,8.548,25.253,55.364,401
25.253,55.364,-26.139,28.246,402
-26.139,28.246,25.253,55.364,403
25.253,55.364,49.013,2.55,404
49.013,2.55,25.253,55.364,405
25.253,55.364,51.471,-0.462,406
51.471,-0.462,25.253,55.364,407
25.253,55.364,21.68,39.157,408
21.68,39.157,25.253,55.364,409
25.253,55.364,51.471,-0.462,410
51.471,-0.462,25.253,55.364,411
25.253,55.364,55.409,37.906,412
55.409,37.906,25.253,55.364,413
25.253,55.364,29.227,47.969,414
29.227,47.969,25.253,55.364,415
25.253,55.364,30.122,31.406,416
30.122,31.406,25.253,55.364,417
25.253,55.364,4.192,73.529,418
4.192,73.529,7.181,79.884,419
7.181,79.884,4.192,73.529,420
4.192,73.529,25.253,55.364,421
25.253,55.364,49.013,2.55,422
49.013,2.55,25.253,55.364,423
25.253,55.364,52.309,4.764,424
52.309,4.764,25.253,55.364,425
25.253,55.364,1.35,103.994,426
1.35,103.994,25.253,55.364,427
25.253,55.364,21.68,39.157,428
21.68,39.157,25.253,55.364,429
25.253,55.364,53.349,-2.28,430
53.349,-2.28,25.253,55.364,431
25.253,55.364,33.943,-118.408,432
33.943,-118.408,25.253,55.364,433
25.253,55.364,-33.946,151.177,434
-33.946,151.177,25.253,55.364,435
25.253,55.364,51.148,-0.19,436
51.148,-0.19,25.253,55.364,437
25.253,55.364,37.469,126.451,438
37.469,126.451,25.253,55.364,439
25.253,55.364,40.08,116.585,440
40.08,116.585,25.253,55.364,441
25.253,55.364,21.68,39.157,442
21.68,39.157,25.253,55.364,443
25.253,55.364,40.64,-73.779,444
40.64,-73.779,25.253,55.364,445
25.253,55.364,-33.946,151.177,446
-33.946,151.177,25.253,55.364,447
25.253,55.364,-33.946,151.177,448
-33.946,151.177,25.253,55.364,449
25.253,55.364,-37.673,144.843,450
-37.673,144.843,-37.008,174.792,451
-37.008,174.792,-37.673,144.843,452
-37.673,144.843,25.253,55.364,453
25.253,55.364,53.349,-2.28,454
53.349,-2.28,25.253,55.364,455
25.253,55.364,48.354,11.786,456
48.354,11.786,25.253,55.364,457
25.253,55.364,51.148,-0.19,458
51.148,-0.19,25.253,55.364,459
25.253,55.364,48.354,11.786,460
48.354,11.786,25.253,55.364,461
25.253,55.364,41.8,12.239,462
41.8,12.239,25.253,55.364,463
25.253,55.364,49.013,2.55,464
49.013,2.55,25.253,55.364,465
25.253,55.364,21.68,39.157,466
21.68,39.157,25.253,55.364,467
25.253,55.364,53.349,-2.28,468
53.349,-2.28,25.253,55.364,469
25.253,55.364,33.943,-118.408,470
33.943,-118.408,25.253,55.364,471
25.253,55.364,52.309,4.764,472
52.309,4.764,25.253,55.364,473
25.253,55.364,-33.946,151.177,474
-33.946,151.177,25.253,55.364,475
25.253,55.364,41.261,28.742,476
41.261,28.742,25.253,55.364,477
25.253,55.364,14.509,121.02,478
14.509,121.02,25.253,55.364,479
25.253,55.364,29.984,-95.341,480
29.984,-95.341,25.253,55.364,481
25.253,55.364,21.68,39.157,482
21.68,39.157,25.253,55.364,483
25.253,55.364,28.567,77.103,484
28.567,77.103,25.253,55.364,485
25.253,55.364,29.227,47.969,486
29.227,47.969,25.253,55.364,487
25.253,55.364,21.68,39.157,488
21.68,39.157,25.253,55.364,489
25.253,55.364,19.089,72.868,490
19.089,72.868,25.253,55.364,491
25.253,55.364,23.392,113.299,492
23.392,113.299,25.253,55.364,493
25.253,55.364,13.681,100.747,494
13.681,100.747,25.253,55.364,495
25.253,55.364,41.8,12.239,496
41.8,12.239,25.253,55.364,497
25.253,55.364,55.409,37.906,498
55.409,37.906,25.253,55.364,499
25.253,55.364,-31.94,115.967,500
-31.94,115.967,25.253,55.364,501
25.253,55.364,14.509,121.02,502
14.509,121.02,25.253,55.364,503
25.253,55.364,47.458,8.548,504
47.458,8.548,25.253,55.364,505
25.253,55.364,51.148,-0.19,506
51.148,-0.19,25.253,55.364,507
25.253,55.364,51.471,-0.462,508
51.471,-0.462,25.253,55.364,509
25.253,55.364,13.681,100.747,510
13.681,100.747,25.253,55.364,511
25.253,55.364,49.013,2.55,512
49.013,2.55,25.253,55.364,513
25.253,55.364,13.681,100.747,514
13.681,100.747,25.253,55.364,515
25.253,55.364,19.089,72.868,516
19.089,72.868,25.253,55.364,517
25.253,55.364,51.471,-0.462,518
51.471,-0.462,25.253,55.364,519
25.253,55.364,31.143,121.805,520
31.143,121.805,25.253,55.364,521
25.253,55.364,51.148,-0.19,522
51.148,-0.19,25.253,55.364,523
25.253,55.364,53.349,-2.28,524
53.349,-2.28,25.253,55.364,525
25.253,55.364,40.64,-73.779,526
40.64,-73.779,25.253,55.364,527
25.253,55.364,49.013,2.55,528
49.013,2.55,25.253,55.364,529
25.253,55.364,51.148,-0.19,530
51.148,-0.19,25.253,55.364,531
25.253,55.364,32.897,-97.038,532
32.897,-97.038,25.253,55.364,533
25.253,55.364,-20.43,57.684,534
-20.43,57.684,25.253,55.364,535
25.253,55.364,47.458,8.548,536
47.458,8.548,25.253,55.364,537
25.253,55.364,45.631,8.728,538
45.631,8.728,25.253,55.364,539
25.253,55.364,30.122,31.406,540
30.122,31.406,25.253,55.364,541
25.253,55.364,53.349,-2.28,542
53.349,-2.28,25.253,55.364,543
25.253,55.364,40.64,-73.779,544
40.64,-73.779,25.253,55.364,545
25.253,55.364,19.089,72.868,546
19.089,72.868,25.253,55.364,547
25.253,55.364,21.68,39.157,548
21.68,39.157,25.253,55.364,549
25.253,55.364,48.354,11.786,550
48.354,11.786,25.253,55.364,551
25.253,55.364,23.843,90.398,552
23.843,90.398,25.253,55.364,553
25.253,55.364,45.726,5.081,554
45.726,5.081,25.253,55.364,555
25.253,55.364,40.64,-73.779,556
40.64,-73.779,25.253,55.364,557
25.253,55.364,45.631,8.728,558
45.631,8.728,25.253,55.364,559
25.253,55.364,55.409,37.906,560
55.409,37.906,25.253,55.364,561
25.253,55.364,-26.139,28.246,562
-26.139,28.246,25.253,55.364,563
25.253,55.364,25.273,51.608,564
25.273,51.608,25.253,55.364,565
25.253,55.364,1.35,103.994,566
1.35,103.994,25.253,55.364,567
25.253,55.364,21.68,39.157,568
21.68,39.157,25.253,55.364,569
25.253,55.364,31.143,121.805,570
31.143,121.805,25.253,55.364,571
25.253,55.364,29.984,-95.341,572
29.984,-95.341,25.253,55.364,573
25.253,55.364,29.227,47.969,574
29.227,47.969,25.253,55.364,575
25.253,55.364,40.64,-73.779,576
40.64,-73.779,25.253,55.364,577
25.253,55.364,40.08,116.585,578
40.08,116.585,25.253,55.364,579
25.253,55.364,-26.139,28.246,580
-26.139,28.246,25.253,55.364,581
25.253,55.364,50.033,8.571,582
50.033,8.571,25.253,55.364,583
25.253,55.364,33.549,72.826,584
33.549,72.826,25.253,55.364,585
25.253,55.364,31.522,74.404,586
31.522,74.404,25.253,55.364,587
25.253,55.364,25.078,121.233,588
25.078,121.233,25.253,55.364,589
25.253,55.364,51.471,-0.462,590
51.471,-0.462,25.253,55.364,591
25.253,55.364,-20.43,57.684,592
-20.43,57.684,25.253,55.364,593
25.253,55.364,41.297,2.078,594
41.297,2.078,25.253,55.364,595
25.253,55.364,49.013,2.55,596
49.013,2.55,25.253,55.364,597
25.253,55.364,48.354,11.786,598
48.354,11.786,25.253,55.364,599
25.253,55.364,37.619,-122.375,600
37.619,-122.375,25.253,55.364,601
25.253,55.364,45.726,5.081,602
45.726,5.081,25.253,55.364,603
25.253,55.364,9.007,7.263,604
9.007,7.263,25.253,55.364,605
25.253,55.364,7.181,79.884,606
7.181,79.884,1.35,103.994,607
1.35,103.994,7.181,79.884,608
7.181,79.884,25.253,55.364,609
25.253,55.364,13.681,100.747,610
13.681,100.747,25.253,55.364,611
25.253,55.364,40.08,116.585,612
40.08,116.585,25.253,55.364,613
25.253,55.364,9.007,7.263,614
9.007,7.263,25.253,55.364,615
25.253,55.364,33.821,35.488,616
33.821,35.488,25.253,55.364,617
25.253,55.364,6.577,3.321,618
6.577,3.321,25.253,55.364,619
25.253,55.364,51.148,-0.19,620
51.148,-0.19,25.253,55.364,621
25.253,55.364,-34.945,138.531,622
-34.945,138.531,25.253,55.364,623
25.253,55.364,36.851,10.227,624
36.851,10.227,25.253,55.364,625
25.253,55.364,31.522,74.404,626
31.522,74.404,25.253,55.364,627
25.253,55.364,12.99,80.169,628
12.99,80.169,25.253,55.364,629
25.253,55.364,37.469,126.451,630
37.469,126.451,25.253,55.364,631
25.253,55.364,-4.674,55.522,632
-4.674,55.522,25.253,55.364,633
25.253,55.364,21.68,39.157,634
25.253,55.364,40.64,-73.779,635
40.64,-73.779,25.253,55.364,636
25.253,55.364,52.309,4.764,637
52.309,4.764,25.253,55.364,638
25.253,55.364,29.227,47.969,639
29.227,47.969,25.253,55.364,640
25.253,55.364,49.013,2.55,641
49.013,2.55,25.253,55.364,642
25.253,55.364,21.68,39.157,643
21.68,39.157,25.253,55.364,644
25.253,55.364,35.552,139.78,645
35.552,139.78,25.253,55.364,646
25.253,55.364,26.267,50.638,647
26.267,50.638,25.253,55.364,648
25.253,55.364,29.227,47.969,649
29.227,47.969,25.253,55.364,650
25.253,55.364,51.471,-0.462,651
51.471,-0.462,25.253,55.364,652
25.253,55.364,35.552,139.78,653
35.552,139.78,25.253,55.364,654
25.253,55.364,35.552,139.78,655
35.552,139.78,25.253,55.364,656
25.253,55.364,48.11,16.57,657
48.11,16.57,25.253,55.364,658
25.253,55.364,33.549,72.826,659
33.549,72.826,25.253,55.364,660
25.253,55.364,42.364,-71.005,661
42.364,-71.005,25.253,55.364,662
25.253,55.364,50.033,8.571,663
50.033,8.571,25.253,55.364,664
25.253,55.364,-26.139,28.246,665
-26.139,28.246,25.253,55.364,666
25.253,55.364,28.567,77.103,667
25.253,55.364,4.192,73.529,668
4.192,73.529,25.253,55.364,669
25.253,55.364,38.945,-77.456,670
38.945,-77.456,25.253,55.364,671
25.253,55.364,40.64,-73.779,672
40.64,-73.779,25.253,55.364,673
25.253,55.364,21.68,39.157,674
21.68,39.157,25.253,55.364,675
25.253,55.364,25.273,51.608,676
25.273,51.608,25.253,55.364,677
25.253,55.364,28.567,77.103,678
28.567,77.103,25.253,55.364,679
25.253,55.364,55.872,-4.433,680
55.872,-4.433,25.253,55.364,681
25.253,55.364,14.509,121.02,682
14.509,121.02,25.253,55.364,683
25.253,55.364,1.35,103.994,684
1.35,103.994,-37.673,144.843,685
-37.673,144.843,1.35,103.994,686
1.35,103.994,25.253,55.364,687
25.253,55.364,21.68,39.157,688
21.68,39.157,25.253,55.364,689
25.253,55.364,30.122,31.406,690
30.122,31.406,25.253,55.364,691
25.253,55.364,12.99,80.169,692
12.99,80.169,25.253,55.364,693
25.253,55.364,29.984,-95.341,694
29.984,-95.341,25.253,55.364,695
25.253,55.364,59.8,30.263,696
59.8,30.263,25.253,55.364,697
25.253,55.364,1.35,103.994,698
1.35,103.994,25.253,55.364,699
25.253,55.364,29.227,47.969,700
29.227,47.969,25.253,55.364,701
25.253,55.364,50.033,8.571,702
50.033,8.571,25.253,55.364,703
25.253,55.364,31.522,74.404,704
31.522,74.404,25.253,55.364,705
25.253,55.364,21.68,39.157,706
21.68,39.157,25.253,55.364,707
25.253,55.364,-20.43,57.684,708
-20.43,57.684,25.253,55.364,709
25.253,55.364,45.631,8.728,710
45.631,8.728,40.64,-73.779,711
40.64,-73.779,45.631,8.728,712
45.631,8.728,25.253,55.364,713
25.253,55.364,47.43,19.261,714
47.43,19.261,25.253,55.364,715
25.253,55.364,26.471,49.798,716
26.471,49.798,25.253,55.364,717
25.253,55.364,47.43,19.261,718
47.43,19.261,25.253,55.364,719
25.253,55.364,13.681,100.747,720
13.681,100.747,25.253,55.364,721
25.253,55.364,24.958,46.699,722
24.958,46.699,25.253,55.364,723
25.253,55.364,49.013,2.55,724
49.013,2.55,25.253,55.364,725
25.253,55.364,49.013,2.55,726
49.013,2.55,25.253,55.364,727
25.253,55.364,55.409,37.906,728
55.409,37.906,25.253,55.364,729
25.253,55.364,1.35,103.994,730
1.35,103.994,25.253,55.364,731
25.253,55.364,38.945,-77.456,732
38.945,-77.456,25.253,55.364,733
25.253,55.364,25.273,51.608,734
25.273,51.608,25.253,55.364,735
25.253,55.364,25.078,121.233,736
25.078,121.233,25.253,55.364,737
25.253,55.364,49.013,2.55,738
49.013,2.55,25.253,55.364,739
25.253,55.364,-4.674,55.522,740
-4.674,55.522,25.253,55.364,741
25.253,55.364,29.227,47.969,742
29.227,47.969,25.253,55.364,743
25.253,55.364,1.35,103.994,744
1.35,103.994,25.253,55.364,745
25.253,55.364,26.471,49.798,746
26.471,49.798,25.253,55.364,747
25.253,55.364,17.231,78.43,748
17.231,78.43,25.253,55.364,749
25.253,55.364,31.143,121.805,750
31.143,121.805,25.253,55.364,751
25.253,55.364,2.746,101.71,752
2.746,101.71,25.253,55.364,753
25.253,55.364,40.64,-73.779,754
40.64,-73.779,25.253,55.364,755
25.253,55.364,48.354,11.786,756
48.354,11.786,25.253,55.364,757
25.253,55.364,53.63,9.988,758
53.63,9.988,25.253,55.364,759
25.253,55.364,28.567,77.103,760
28.567,77.103,25.253,55.364,761
25.253,55.364,51.471,-0.462,762
51.471,-0.462,25.253,55.364,763
25.253,55.364,47.449,-122.309,764
47.449,-122.309,25.253,55.364,765
25.253,55.364,-33.965,18.602,766
-33.965,18.602,25.253,55.364,767
25.253,55.364,26.471,49.798,768
26.471,49.798,25.253,55.364,769
25.253,55.364,53.421,-6.27,770
53.421,-6.27,25.253,55.364,771
25.253,55.364,28.567,77.103,772
28.567,77.103,25.253,55.364,773
25.253,55.364,30.122,31.406,774
30.122,31.406,25.253,55.364,775
25.253,55.364,9.007,7.263,776
9.007,7.263,25.253,55.364,777
25.253,55.364,52.454,-1.748,778
52.454,-1.748,25.253,55.364,779
25.253,55.364,29.227,47.969,780
29.227,47.969,25.253,55.364,781
25.253,55.364,49.013,2.55,782
49.013,2.55,25.253,55.364,783
25.253,55.364,25.273,51.608,784
25.273,51.608,25.253,55.364,785
25.253,55.364,32.536,74.364,786
32.536,74.364,25.253,55.364,787
25.253,55.364,31.723,35.993,788
31.723,35.993,25.253,55.364,789
25.253,55.364,40.64,-73.779,790
40.64,-73.779,25.253,55.364,791
25.253,55.364,48.11,16.57,792
48.11,16.57,25.253,55.364,793
25.253,55.364,53.349,-2.28,794
53.349,-2.28,25.253,55.364,795
25.253,55.364,13.681,100.747,796
13.681,100.747,25.253,55.364,797
25.253,55.364,13.681,100.747,798
13.681,100.747,25.253,55.364,799
25.253,55.364,2.746,101.71,800
2.746,101.71,25.253,55.364,801
25.253,55.364,33.821,35.488,802
33.821,35.488,25.253,55.364,803
25.253,55.364,19.089,72.868,804
19.089,72.868,25.253,55.364,805
25.253,55.364,51.471,-0.462,806
51.471,-0.462,25.253,55.364,807
25.253,55.364,31.143,121.805,808
31.143,121.805,25.253,55.364,809
25.253,55.364,49.013,2.55,810
49.013,2.55,25.253,55.364,811
25.253,55.364,28.567,77.103,812
28.567,77.103,25.253,55.364,813
25.253,55.364,25.078,121.233,814
25.078,121.233,25.253,55.364,815
25.253,55.364,2.746,101.71,816
2.746,101.71,-37.673,144.843,817
-37.673,144.843,2.746,101.71,818
2.746,101.71,25.253,55.364,819
25.253,55.364,49.013,2.55,820
49.013,2.55,25.253,55.364,821
25.253,55.364,-37.673,144.843,822
-37.673,144.843,-37.008,174.792,823
-37.008,174.792,-37.673,144.843,824
-37.673,144.843,25.253,55.364,825
25.253,55.364,2.746,101.71,826
2.746,101.71,25.253,55.364,827
25.253,55.364,52.309,4.764,828
52.309,4.764,25.253,55.364,829
25.253,55.364,8.482,76.92,830
8.482,76.92,25.253,55.364,831
25.253,55.364,33.943,-118.408,832
33.943,-118.408,25.253,55.364,833
25.253,55.364,25.273,51.608,834
25.273,51.608,25.253,55.364,835
25.253,55.364,-33.965,18.602,836
-33.965,18.602,25.253,55.364,837
25.253,55.364,40.64,-73.779,838
40.64,-73.779,25.253,55.364,839
25.253,55.364,25.273,51.608,840
25.273,51.608,25.253,55.364,841
25.253,55.364,60.194,11.1,842
60.194,11.1,25.253,55.364,843
25.253,55.364,13.198,77.706,844
13.198,77.706,25.253,55.364,845
25.253,55.364,25.273,51.608,846
25.273,51.608,25.253,55.364,847
25.253,55.364,24.907,67.161,848
24.907,67.161,25.253,55.364,849
25.253,55.364,53.421,-6.27,850
53.421,-6.27,25.253,55.364,851
25.253,55.364,40.64,-73.779,852
40.64,-73.779,25.253,55.364,853
25.253,55.364,26.267,50.638,854
26.267,50.638,25.253,55.364,855
25.253,55.364,-29.614,31.12,856
-29.614,31.12,25.253,55.364,857
25.253,55.364,49.013,2.55,858
49.013,2.55,25.253,55.364,859
25.253,55.364,48.11,16.57,860
48.11,16.57,25.253,55.364,861
25.253,55.364,53.349,-2.28,862
53.349,-2.28,25.253,55.364,863
25.253,55.364,40.64,-73.779,864
40.64,-73.779,25.253,55.364,865
25.253,55.364,21.68,39.157,866
21.68,39.157,25.253,55.364,867
25.253,55.364,32.536,74.364,868
32.536,74.364,25.253,55.364,869
25.253,55.364,41.979,-87.905,870
41.979,-87.905,25.253,55.364,871
25.253,55.364,19.089,72.868,872
19.089,72.868,25.253,55.364,873
25.253,55.364,51.471,-0.462,874
51.471,-0.462,25.253,55.364,875
25.253,55.364,51.471,-0.462,876
51.471,-0.462,25.253,55.364,877
25.253,55.364,50.101,14.26,878
50.101,14.26,25.253,55.364,879
25.253,55.364,51.471,-0.462,880
51.471,-0.462,25.253,55.364,881
25.253,55.364,13.681,100.747,882
13.681,100.747,-33.946,151.177,883
-33.946,151.177,-37.008,174.792,884
-37.008,174.792,-27.384,153.117,885
-27.384,153.117,25.253,55.364,886
25.253,55.364,40.472,-3.563,887
40.472,-3.563,25.253,55.364,888
25.253,55.364,-23.436,-46.473,889
-23.436,-46.473,25.253,55.364,890
25.253,55.364,7.181,79.884,891
7.181,79.884,25.253,55.364,892
25.253,55.364,8.978,38.799,893
8.978,38.799,25.253,55.364,894
25.253,55.364,7.181,79.884,895
7.181,79.884,25.253,55.364,896
25.253,55.364,31.522,74.404,897
31.522,74.404,25.253,55.364,898
25.253,55.364,4.192,73.529,899
4.192,73.529,25.253,55.364,900
25.253,55.364,37.619,-122.375,901
37.619,-122.375,25.253,55.364,902
25.253,55.364,26.267,50.638,903
26.267,50.638,25.253,55.364,904
25.253,55.364,7.181,79.884,905
7.181,79.884,25.253,55.364,906
25.253,55.364,-26.139,28.246,907
-26.139,28.246,25.253,55.364,908
25.253,55.364,35.416,51.152,909
35.416,51.152,25.253,55.364,910
25.253,55.364,37.936,23.944,911
37.936,23.944,40.693,-74.169,912
40.693,-74.169,37.936,23.944,913
37.936,23.944,25.253,55.364,914
25.253,55.364,45.631,8.728,915
45.631,8.728,25.253,55.364,916
25.253,55.364,29.227,47.969,917
29.227,47.969,25.253,55.364,918
25.253,55.364,23.593,58.284,919
23.593,58.284,25.253,55.364,920
25.253,55.364,40.64,-73.779,921
40.64,-73.779,25.253,55.364,922
25.253,55.364,21.68,39.157,923
21.68,39.157,25.253,55.364,924
25.253,55.364,23.077,72.635,925
23.077,72.635,25.253,55.364,926
25.253,55.364,49.013,2.55,927
49.013,2.55,25.253,55.364,928
25.253,55.364,51.471,-0.462,929
51.471,-0.462,25.253,55.364,930
25.253,55.364,55.409,37.906,931
55.409,37.906,25.253,55.364,932
25.253,55.364,40.08,116.585,933
40.08,116.585,25.253,55.364,934
25.253,55.364,-15.331,28.453,935
-15.331,28.453,-17.932,31.093,936
-17.932,31.093,-15.331,28.453,937
-15.331,28.453,25.253,55.364,938
25.253,55.364,-37.673,144.843,939
-37.673,144.843,25.253,55.364,940
25.253,55.364,29.227,47.969,941
29.227,47.969,25.253,55.364,942
25.253,55.364,51.471,-0.462,943
51.471,-0.462,25.253,55.364,944
25.253,55.364,12.99,80.169,945
12.99,80.169,25.253,55.364,946
25.253,55.364,24.553,39.705,947
24.553,39.705,25.253,55.364,948
25.253,55.364,43.677,-79.631,949
43.677,-79.631,25.253,55.364,950
25.253,55.364,-1.319,36.928,951
-1.319,36.928,25.253,55.364,952
25.253,55.364,53.349,-2.28,953
53.349,-2.28,25.253,55.364,954
25.253,55.364,31.522,74.404,955
31.522,74.404,25.253,55.364,956
25.253,55.364,55.409,37.906,957
55.409,37.906,25.253,55.364,958
25.253,55.364,21.68,39.157,959
21.68,39.157,25.253,55.364,960
25.253,55.364,23.077,72.635,961
23.077,72.635,25.253,55.364,962
25.253,55.364,-4.674,55.522,963
-4.674,55.522,25.253,55.364,964
25.253,55.364,24.907,67.161,965
24.907,67.161,25.253,55.364,966
25.253,55.364,5.605,-0.167,967
5.605,-0.167,5.261,-3.926,968
5.261,-3.926,5.605,-0.167,969
5.605,-0.167,25.253,55.364,970
25.253,55.364,26.471,49.798,971
26.471,49.798,25.253,55.364,972
25.253,55.364,29.984,-95.341,973
29.984,-95.341,25.253,55.364,974
25.253,55.364,48.11,16.57,975
48.11,16.57,25.253,55.364,976
25.253,55.364,53.349,-2.28,977
53.349,-2.28,25.253,55.364,978
25.253,55.364,50.033,8.571,979
50.033,8.571,25.253,55.364,980
25.253,55.364,19.089,72.868,981
19.089,72.868,25.253,55.364,982
25.253,55.364,21.68,39.157,983
21.68,39.157,25.253,55.364,984
25.253,55.364,2.746,101.71,985
2.746,101.71,25.253,55.364,986
25.253,55.364,38.781,-9.136,987
38.781,-9.136,25.253,55.364,988
25.253,55.364,51.471,-0.462,989
51.471,-0.462,25.253,55.364,990
25.253,55.364,55.409,37.906,991
55.409,37.906,25.253,55.364,992
25.253,55.364,31.522,74.404,993
31.522,74.404,25.253,55.364,994
25.253,55.364,21.68,39.157,995
21.68,39.157,25.253,55.364,996
25.253,55.364,-6.126,106.656,997
-6.126,106.656,25.253,55.364,998
25.253,55.364,2.746,101.71,999
2.746,101.71,25.253,55.364,1000
25.253,55.364,-37.673,144.843,1001
-37.673,144.843,-37.008,174.792,1002
-37.008,174.792,-37.673,144.843,1003
-37.673,144.843,25.253,55.364,1004
25.253,55.364,19.089,72.868,1005
19.089,72.868,25.253,55.364,1006
25.253,55.364,37.619,-122.375,1007
37.619,-122.375,25.253,55.364,1008
25.253,55.364,10.152,76.402,1009
10.152,76.402,25.253,55.364,1010
25.253,55.364,49.013,2.55,1011
49.013,2.55,25.253,55.364,1012
25.253,55.364,2.746,101.71,1013
2.746,101.71,25.253,55.364,1014
25.253,55.364,49.013,2.55,1015
49.013,2.55,25.253,55.364,1016
25.253,55.364,26.267,50.638,1017
26.267,50.638,25.253,55.364,1018
25.253,55.364,19.089,72.868,1019
19.089,72.868,25.253,55.364,1020
25.253,55.364,1.35,103.994,1021
1.35,103.994,-27.384,153.117,1022
-27.384,153.117,1.35,103.994,1023
1.35,103.994,25.253,55.364,1024
25.253,55.364,55.872,-4.433,1025
55.872,-4.433,25.253,55.364,1026
25.253,55.364,31.522,74.404,1027
31.522,74.404,25.253,55.364,1028
25.253,55.364,26.073,-80.153,1029
26.073,-80.153,25.253,55.364,1030
25.253,55.364,13.681,100.747,1031
13.681,100.747,22.309,113.915,1032
22.309,113.915,13.681,100.747,1033
13.681,100.747,25.253,55.364,1034
25.253,55.364,22.655,88.447,1035
22.655,88.447,25.253,55.364,1036
25.253,55.364,-27.384,153.117,1037
-27.384,153.117,-37.008,174.792,1038
-37.008,174.792,-27.384,153.117,1039
-27.384,153.117,25.253,55.364,1040
25.253,55.364,-1.319,36.928,1041
-1.319,36.928,25.253,55.364,1042
25.253,55.364,51.471,-0.462,1043
51.471,-0.462,25.253,55.364,1044
25.253,55.364,2.746,101.71,1045
2.746,101.71,25.253,55.364,1046
25.253,55.364,55.409,37.906,1047
55.409,37.906,25.253,55.364,1048
25.253,55.364,51.29,6.767,1049
51.29,6.767,25.253,55.364,1050
25.253,55.364,50.033,8.571,1051
50.033,8.571,25.253,55.364,1052
25.253,55.364,-37.673,144.843,1053
-37.673,144.843,25.253,55.364,1054
25.253,55.364,-26.139,28.246,1055
-26.139,28.246,25.253,55.364,1056
25.253,55.364,41.297,2.078,1057
41.297,2.078,25.253,55.364,1058
25.253,55.364,-4.674,55.522,1059
-4.674,55.522,25.253,55.364,1060
25.253,55.364,-33.946,151.177,1061
-33.946,151.177,25.253,55.364,1062
25.253,55.364,36.691,3.215,1063
36.691,3.215,25.253,55.364,1064
25.253,55.364,55.409,37.906,1065
55.409,37.906,25.253,55.364,1066
25.253,55.364,45.631,8.728,1067
45.631,8.728,40.64,-73.779,1068
40.64,-73.779,45.631,8.728,1069
45.631,8.728,25.253,55.364,1070
25.253,55.364,59.8,30.263,1071
59.8,30.263,25.253,55.364,1072
25.253,55.364,24.907,67.161,1073
24.907,67.161,25.253,55.364,1074
21.68,39.157,25.253,55.364,1075
25.253,55.364,32.536,74.364,1076
32.536,74.364,25.253,55.364,1077
25.253,55.364,26.471,49.798,1078
26.471,49.798,25.253,55.364,1079
25.253,55.364,32.536,74.364,1080
32.536,74.364,25.253,55.364,1081
25.253,55.364,32.897,-97.038,1082
32.897,-97.038,25.253,55.364,1083
25.253,55.364,-26.139,28.246,1084
-26.139,28.246,25.253,55.364,1085
25.253,55.364,-26.139,28.246,1086
-26.139,28.246,25.253,55.364,1087
25.253,55.364,28.567,77.103,1088
28.567,77.103,25.253,55.364,1089
25.253,55.364,40.693,-74.169,1090
40.693,-74.169,25.253,55.364,1091
25.253,55.364,45.505,12.352,1092
45.505,12.352,25.253,55.364,1093
25.253,55.364,33.368,-7.59,1094
33.368,-7.59,25.253,55.364,1095
25.253,55.364,21.68,39.157,1096
21.68,39.157,25.253,55.364,1097
25.253,55.364,47.43,19.261,1098
47.43,19.261,25.253,55.364,1099
25.253,55.364,-26.139,28.246,1100
-26.139,28.246,25.253,55.364,1101
25.253,55.364,0.042,32.444,1102
0.042,32.444,25.253,55.364,1103
25.253,55.364,-4.674,55.522,1104
-4.674,55.522,25.253,55.364,1105
25.253,55.364,30.203,71.419,1106
30.203,71.419,25.253,55.364,1107
25.253,55.364,4.192,73.529,1108
4.192,73.529,25.253,55.364,1109
25.253,55.364,-8.858,13.231,1110
-8.858,13.231,25.253,55.364,1111
25.253,55.364,30.203,71.419,1112
30.203,71.419,25.253,55.364,1113
25.253,55.364,35.416,51.152,1114
35.416,51.152,25.253,55.364,1115
25.253,55.364,12.99,80.169,1116
12.99,80.169,25.253,55.364,1117
25.253,55.364,29.227,47.969,1118
29.227,47.969,25.253,55.364,1119
25.253,55.364,52.309,4.764,1120
52.309,4.764,25.253,55.364,1121
25.253,55.364,-33.946,151.177,1122
-33.946,151.177,25.253,55.364,1123
25.253,55.364,-23.436,-46.473,1124
-23.436,-46.473,-33.393,-70.786,1125
-33.393,-70.786,-23.436,-46.473,1126
-23.436,-46.473,25.253,55.364,1127
25.253,55.364,50.033,8.571,1128
50.033,8.571,25.253,55.364,1129
25.253,55.364,-26.139,28.246,1130
-26.139,28.246,25.253,55.364,1131
25.253,55.364,34.566,69.212,1132
34.566,69.212,25.253,55.364,1133
25.253,55.364,8.113,98.317,1134
8.113,98.317,25.253,55.364,1135
25.253,55.364,51.471,-0.462,1136
51.471,-0.462,25.253,55.364,1137
25.253,55.364,43.677,-79.631,1138
43.677,-79.631,25.253,55.364,1139
25.253,55.364,51.471,-0.462,1140
51.471,-0.462,25.253,55.364,1141
25.253,55.364,37.619,-122.375,1142
37.619,-122.375,25.253,55.364,1143
25.253,55.364,59.652,17.919,1144
59.652,17.919,25.253,55.364,1145
25.253,55.364,53.421,-6.27,1146
53.421,-6.27,25.253,55.364,1147
25.253,55.364,49.013,2.55,1148
49.013,2.55,25.253,55.364,1149
25.253,55.364,26.471,49.798,1150
26.471,49.798,25.253,55.364,1151
25.253,55.364,19.089,72.868,1152
19.089,72.868,25.253,55.364,1153
25.253,55.364,53.349,-2.28,1154
53.349,-2.28,25.253,55.364,1155
25.253,55.364,38.945,-77.456,1156
38.945,-77.456,25.253,55.364,1157
25.253,55.364,26.471,49.798,1158
26.471,49.798,25.253,55.364,1159
25.253,55.364,33.549,72.826,1160
33.549,72.826,25.253,55.364,1161
25.253,55.364,13.681,100.747,1162
13.681,100.747,25.253,55.364,1163
25.253,55.364,52.309,4.764,1164
52.309,4.764,25.253,55.364,1165
25.253,55.364,2.746,101.71,1166
2.746,101.71,25.253,55.364,1167
25.253,55.364,-29.614,31.12,1168
-29.614,31.12,25.253,55.364,1169
25.253,55.364,-4.674,55.522,1170
-4.674,55.522,25.253,55.364,1171
25.253,55.364,53.421,-6.27,1172
53.421,-6.27,25.253,55.364,1173
25.253,55.364,-15.331,28.453,1174
-15.331,28.453,-17.932,31.093,1175
-17.932,31.093,-15.331,28.453,1176
-15.331,28.453,25.253,55.364,1177
25.253,55.364,35.765,140.386,1178
35.765,140.386,25.253,55.364,1179
25.253,55.364,51.148,-0.19,1180
51.148,-0.19,25.253,55.364,1181
25.253,55.364,1.35,103.994,1182
1.35,103.994,25.253,55.364,1183
25.253,55.364,21.68,39.157,1184
21.68,39.157,25.253,55.364,1185
25.253,55.364,12.99,80.169,1186
12.99,80.169,25.253,55.364,1187
25.253,55.364,1.35,103.994,1188
1.35,103.994,-27.384,153.117,1189
-27.384,153.117,25.253,55.364,1190
25.253,55.364,49.013,2.55,1191
49.013,2.55,25.253,55.364,1192
25.253,55.364,41.297,2.078,1193
41.297,2.078,25.253,55.364,1194
25.253,55.364,-26.139,28.246,1195
-26.139,28.246,25.253,55.364,1196
25.253,55.364,41.979,-87.905,1197
41.979,-87.905,25.253,55.364,1198
25.253,55.364,59.8,30.263,1199
59.8,30.263,25.253,55.364,1200
25.253,55.364,59.8,30.263,1201
59.8,30.263,25.253,55.364,1202
25.253,55.364,35.552,139.78,1203
35.552,139.78,25.253,55.364,1204
24.896,55.161,25.253,55.364,1205
25.253,55.364,-31.94,115.967,1206
-31.94,115.967,25.253,55.364,1207
25.253,55.364,35.416,51.152,1208
35.416,51.152,25.253,55.364,1209
25.253,55.364,50.901,4.484,1210
50.901,4.484,25.253,55.364,1211
25.253,55.364,40.08,116.585,1212
40.08,116.585,25.253,55.364,1213
25.253,55.364,23.843,90.398,1214
23.843,90.398,25.253,55.364,1215
25.253,55.364,32.897,-97.038,1216
32.897,-97.038,25.253,55.364,1217
25.253,55.364,5.605,-0.167,1218
5.605,-0.167,5.261,-3.926,1219
5.261,-3.926,5.605,-0.167,1220
5.605,-0.167,25.253,55.364,1221
25.253,55.364,51.471,-0.462,1222
51.471,-0.462,25.253,55.364,1223
25.253,55.364,12.99,80.169,1224
12.99,80.169,25.253,55.364,1225
25.253,55.364,31.723,35.993,1226
31.723,35.993,25.253,55.364,1227
25.253,55.364,41.979,-87.905,1228
41.979,-87.905,25.253,55.364,1229
25.253,55.364,31.143,121.805,1230
31.143,121.805,25.253,55.364,1231
25.253,55.364,-33.965,18.602,1232
-33.965,18.602,25.253,55.364,1233
25.253,55.364,32.536,74.364,1234
25.253,55.364,37.936,23.944,1235
37.936,23.944,40.693,-74.169,1236
40.693,-74.169,37.936,23.944,1237
37.936,23.944,25.253,55.364,1238
25.253,55.364,17.231,78.43,1239
17.231,78.43,25.253,55.364,1240
25.253,55.364,52.309,4.764,1241
52.309,4.764,25.253,55.364,1242
25.253,55.364,49.013,2.55,1243
49.013,2.55,25.253,55.364,1244
25.253,55.364,59.652,17.919,1245
59.652,17.919,25.253,55.364,1246
25.253,55.364,-20.43,57.684,1247
-20.43,57.684,25.253,55.364,1248
25.253,55.364,40.472,-3.563,1249
40.472,-3.563,25.253,55.364,1250
25.253,55.364,47.449,-122.309,1251
47.449,-122.309,25.253,55.364,1252
25.253,55.364,19.089,72.868,1253
19.089,72.868,25.253,55.364,1254
25.253,55.364,7.181,79.884,1255
7.181,79.884,25.253,55.364,1256
25.253,55.364,51.148,-0.19,1257
51.148,-0.19,25.253,55.364,1258
25.253,55.364,40.472,-3.563,1259
40.472,-3.563,25.253,55.364,1260
25.253,55.364,26.471,49.798,1261
26.471,49.798,25.253,55.364,1262
25.253,55.364,32.536,74.364,1263
32.536,74.364,25.253,55.364,1264
25.253,55.364,51.471,-0.462,1265
51.471,-0.462,25.253,55.364,1266
25.253,55.364,37.619,-122.375,1267
37.619,-122.375,25.253,55.364,1268
25.253,55.364,50.101,14.26,1269
50.101,14.26,25.253,55.364,1270
25.253,55.364,33.368,-7.59,1271
33.368,-7.59,25.253,55.364,1272
25.253,55.364,32.897,-97.038,1273
32.897,-97.038,25.253,55.364,1274
25.253,55.364,-6.878,39.203,1275
-6.878,39.203,25.253,55.364,1276
25.253,55.364,25.078,121.233,1277
25.078,121.233,25.253,55.364,1278
25.253,55.364,17.231,78.43,1279
17.231,78.43,25.253,55.364,1280
25.253,55.364,19.089,72.868,1281
19.089,72.868,25.253,55.364,1282
25.253,55.364,50.033,8.571,1283
50.033,8.571,25.253,55.364,1284
25.253,55.364,31.143,121.805,1285
31.143,121.805,25.253,55.364,1286
25.253,55.364,48.354,11.786,1287
48.354,11.786,25.253,55.364,1288
25.253,55.364,21.68,39.157,1289
21.68,39.157,25.253,55.364,1290
25.253,55.364,53.349,-2.28,1291
53.349,-2.28,25.253,55.364,1292
25.253,55.364,28.429,-81.309,1293
28.429,-81.309,25.253,55.364,1294
25.253,55.364,-33.965,18.602,1295
-33.965,18.602,25.253,55.364,1296
25.253,55.364,-4.674,55.522,1297
-4.674,55.522,25.253,55.364,1298
25.253,55.364,31.143,121.805,1299
31.143,121.805,25.253,55.364,1300
25.253,55.364,50.101,14.26,1301
50.101,14.26,25.253,55.364,1302
25.253,55.364,48.354,11.786,1303
48.354,11.786,25.253,55.364,1304
25.253,55.364,33.943,-118.408,1305
33.943,-118.408,25.253,55.364,1306
25.253,55.364,47.449,-122.309,1307
47.449,-122.309,25.253,55.364,1308
25.253,55.364,19.089,72.868,1309
19.089,72.868,25.253,55.364,1310
25.253,55.364,60.194,11.1,1311
60.194,11.1,25.253,55.364,1312
25.253,55.364,55.618,12.656,1313
55.618,12.656,25.253,55.364,1314
25.253,55.364,41.8,12.239,1315
41.8,12.239,25.253,55.364,1316
25.253,55.364,-15.331,28.453,1317
-15.331,28.453,-17.932,31.093,1318
-17.932,31.093,-15.331,28.453,1319
-15.331,28.453,25.253,55.364,1320
25.253,55.364,38.945,-77.456,1321
38.945,-77.456,25.253,55.364,1322
25.253,55.364,59.8,30.263,1323
59.8,30.263,25.253,55.364,1324
25.253,55.364,8.113,98.317,1325
8.113,98.317,25.253,55.364,1326
25.253,55.364,33.821,35.488,1327
33.821,35.488,25.253,55.364,1328
25.253,55.364,50.033,8.571,1329
50.033,8.571,25.253,55.364,1330
25.253,55.364,55.872,-4.433,1331
55.872,-4.433,25.253,55.364,1332
25.253,55.364,52.166,20.967,1333
52.166,20.967,25.253,55.364,1334
25.253,55.364,12.99,80.169,1335
12.99,80.169,25.253,55.364,1336
25.253,55.364,38.781,-9.136,1337
38.781,-9.136,25.253,55.364,1338
25.253,55.364,52.454,-1.748,1339
52.454,-1.748,25.253,55.364,1340
25.253,55.364,43.677,-79.631,1341
43.677,-79.631,25.253,55.364,1342
25.253,55.364,41.261,28.742,1343
41.261,28.742,25.253,55.364,1344
